page,start,confidence,check_error_s,within_0_5s,whisper_only_error_s,cue_before_pause_onset,first_words_heard,clip_transcript,page_text_start,note,clip
1,0.00,1.0,0.11,yes,0.0,,This is the story of Little,"This is the story of Little High Doe, who has helped to manage his anger.",BOOK THREE CHIMETIME STORIES HI-DOH,cover / start of audio,clips/p001.mp3
2,4.62,0.9,0.1,yes,0.04,yes,It is wonderful to hear the,It is wonderful to hear the little chimes working happily together.,It is wonderful to hear the little chimes working happily together. They,boundary margin -7.1; printed text found at cue (word offset 0); snapped to speech onset,clips/p002.mp3
3,35.79,0.7,0.1,yes,0.04,yes,Mr. Diego can see all the,Mr Diego can see all the little chimes he can hear.,Mister Diego can see ALL the little chimes. He can hear every,boundary margin 2.7; printed text found at cue (word offset 1); snapped to speech onset,clips/p003.mp3
4,55.85,0.7,0.1,yes,-0.14,yes,Mr. Diego now learns that their,"Mr. Diego now learns that their names are Dothrae, Mipha, Sola...","Mister Diego now learns that their names are LO-DOH, RAY, MEE, FAH,",boundary margin 2.7; printed text found at cue (word offset 1); snapped to speech onset,clips/p004.mp3
5,73.81,0.88,0.1,yes,-0.06,yes,"Especially Little High Doe, he has",especially little high-dough he has grown into a handsome,"...especially Little Hi-DOH. He has grown into a handsome, full-toned chime. His",boundary margin 6.4; printed text found at cue (word offset 4); snapped to speech onset,clips/p005.mp3
6,87.64,0.7,0.1,yes,0.04,yes,High Doe grew proud in his,Haido grew proud in his spirit. Now he holds his,HI-DOH grew proud in his spirit. Now he holds his note long,boundary margin 6.1; printed text found at cue (word offset 2); snapped to speech onset,clips/p006.mp3
7,108.72,0.9,0.1,yes,-0.16,yes,I don't like you lazy law,I don't like you lazy law and you little me.,I don't like you Lazy LAH! ... and YOU Little MEE! Page,boundary margin 5.3; printed text found at cue (word offset 0); snapped to speech onset,clips/p007.mp3
8,112.70,0.9,0.1,yes,0.02,yes,You are all different from me.,"You are all different from me, and my sound is a lot louder.",You are ALL different from me! and MY sound is a lot,boundary margin 0.1; printed text found at cue (word offset 0); snapped to speech onset,clips/p008.mp3
9,119.53,0.7,0.1,yes,-0.74,yes,funny far whispered. You were embarrassing,"Funny far whispered, you were embarrassing us.","Funny FAH whispered, ""You are embarrassing us. We are Mister Diego's guests.""",boundary margin -1.2; printed text found at cue (word offset 5); snapped to speech onset,clips/p009.mp3
10,137.89,0.9,0.1,yes,0.06,yes,I don't need all of you.,"I don't need all of you. Hi Dosh, shouts, I'm going out to make a-","""I don't need all of you,"" Hl-DOH shouts, ""I'm go- ing out",boundary margin 7.1; printed text found at cue (word offset 0); snapped to speech onset,clips/p010.mp3
11,144.83,0.9,0.1,yes,0.04,yes,The other chimes are so sad,The other chimes are so sad to see little ahidu becomes,The other chimes are so sad to see Little Hl-DOH become so,boundary margin 6.2; printed text found at cue (word offset 0); snapped to speech onset,clips/p011.mp3
12,157.13,0.7,0.1,yes,0.02,yes,The little chimes could still play,The little chimes could still play many beautiful tunes without high do-,The little chimes could still play many beautiful tunes without HI-DOH. They,boundary margin 2.5; printed text found at cue (word offset 1); snapped to speech onset,clips/p012.mp3
13,169.30,0.7,0.1,yes,0.16,yes,Lúguido is now anxiously walking towards,Lugido is now anxiously walking towards his first appearance at a,Litfle HI-DOH is now anxiously walking towards his first appearance at a,boundary margin 2.5; printed text found at cue (word offset 3); snapped to speech onset,clips/p013.mp3
14,179.89,0.7,0.1,yes,-0.08,yes,High Doe went out and had,Haider went out and had some posters printed for his first,DOH ONIGHTON LE Hl-DOH went and had some posters printed for his,boundary margin 5.3; printed text found at cue (word offset 6); snapped to speech onset,clips/p014.mp3
15,194.64,0.7,0.1,yes,0.12,yes,Mr. Diego bought tickets and sat,"People bought tickets and sat in the studio, waiting for...",People bought tickets and sat in the studio waiting for THE VOlCE,boundary margin 6.4; printed text found at cue (word offset 1); snapped to speech onset,clips/p015.mp3
16,209.71,0.87,0.1,yes,0.06,yes,At first everyone thought it was,"At first, everyone thought it was interesting, but as Haidah",BORING! CAN YOU DO ANYTHING ELSE? WHAT ELSE CAN YOU SING? At,boundary margin 6.1; snapped to speech onset,clips/p016.mp3
17,223.74,0.7,0.1,yes,0.0,yes,High Doe was so embarrassed. High,Haidou was so embarrassed. Haidou is very lonely now.,Hl-DOH was so embarrassed! LIVE Page16,boundary margin 6.4; printed text found at cue (word offset 2); snapped to speech onset,clips/p017.mp3
18,225.90,0.75,0.1,yes,0.04,yes,High Doe is very lonely now.,Haido is very lonely now. He begins to run back to his f-,HI-DOH is very lonely now. He begins to run back to his,boundary margin 4.2; printed text found at cue (word offset 2); snapped to speech onset,clips/p018.mp3
19,246.99,0.84,0.1,yes,0.06,yes,He can't wait to get back,He can't wait to get back with the other chimes. Haido returns.,MEXICAN VILLA He can't wait to get back with the other chimes.,boundary margin 5.5; printed text found at cue (word offset 2); snapped to speech onset,clips/p019.mp3
20,250.14,0.7,0.1,yes,0.02,yes,High Doe returned to his friends,Haido returned to his friends and stood at a distance.,HI-DOH returned tohis friends and stood at a distance. Page19,boundary margin 4.9; printed text found at cue (word offset 4); snapped to speech onset,clips/p020.mp3
21,254.04,0.85,0.1,yes,-0.06,yes,He Doe was glad Mr. Diego,Hido was glad Mr. Diego was watching them play. And Hido...,HI-DOH was glad Mister Diego was watching them play. And Hl-DOH was,boundary margin 5.7; printed text found at cue (word offset 5); snapped to speech onset,clips/p021.mp3
22,265.04,0.72,0.1,yes,-0.04,yes,High Doe could see that each,Haido could see that each of his friends was a happy little...,Hl-DOH could see that each of his friends was a happy little,boundary margin 3.8; printed text found at cue (word offset 2); snapped to speech onset,clips/p022.mp3
23,282.24,0.3,0.1,yes,0.0,yes,Everyone could see he was so,Everyone could see he was so glad he was saying sorry now,SORRY Cd,no narration matched this page's text; placed at the narration that follows the previous page's printed text; snapped to speech onset,clips/p023.mp3
24,286.00,0.9,0.1,yes,0.04,yes,Now they are all together again,Now they are all together again playing. For the happiest ones,Now they are all together again playing for the happiest ones of,boundary margin 5.9; printed text found at cue (word offset 0); snapped to speech onset,clips/p024.mp3
25,291.04,0.9,0.1,yes,0.18,yes,their grand old Master Chai Lú,their grand old Master Chai Lu and Mr Diego.,...their Grand old Master Chi Lu and Mister Diego! Can you see,boundary margin 4.3; printed text found at cue (word offset 0); snapped to speech onset,clips/p025.mp3
